filename,processing_time,codes_found,detection_success,megapixels,file_size_mb,strategies_used,overall_quality_score,resolution_category,contrast_score,contrast_category,sharpness_score,sharpness_category,brightness,lighting_category,noise_level,noise_category,has_qr_code,has_barcode,resolution_range,contrast_range
05102009081.jpg,0.87652,1,1,1.92,0.2800941467285156,1,51.431216498296585,medium,0.19092792774104594,medium,476.1519048005983,moderate,152.32555885416667,optimal,1.3515740047870084,low,False,True,800x600 - 1920x1080,Low (<0.4)
05102009082.jpg,0.821777,1,1,1.92,0.27283668518066406,1,55.10402837756622,medium,0.19431476813404844,medium,627.5723334243755,sharp,153.81111145833333,optimal,1.3159159914597356,low,False,True,800x600 - 1920x1080,Low (<0.4)
05102009083.jpg,0.718349,1,1,1.92,0.24466991424560547,1,46.70622634940497,medium,0.1819585609433242,medium,260.7483134532095,moderate,149.84042708333334,optimal,0.8570647915541254,low,False,True,800x600 - 1920x1080,Low (<0.4)
05102009101.jpg,0.978299,1,1,1.92,0.29811573028564453,1,49.72935490775123,medium,0.1706353474928101,medium,483.46898228450397,moderate,93.798328125,optimal,1.3367165719757432,low,False,True,800x600 - 1920x1080,Low (<0.4)
05102009102.jpg,1.053451,1,1,1.92,0.3683280944824219,1,62.08422729296795,medium,0.1982088962000705,medium,789.229720440748,sharp,131.8639625,optimal,1.917194985797605,low,False,True,800x600 - 1920x1080,Low (<0.4)
05102009103.jpg,6.745859,1,1,1.92,0.41265010833740234,2,65.5798650346677,medium,0.19623246826340815,medium,976.7243890592168,sharp,136.0663109375,optimal,2.400321349378322,low,False,True,800x600 - 1920x1080,Low (<0.4)
05102009104.jpg,1.113724,1,1,1.92,0.38520240783691406,1,62.93997981418492,medium,0.2016768768454684,medium,827.5040832430003,sharp,131.77424114583334,optimal,2.1190749886803877,low,False,True,800x600 - 1920x1080,Low (<0.4)
05102009105.jpg,3.564274,1,1,1.92,0.39214038848876953,2,64.25316183776314,medium,0.206835156652735,medium,902.8140381708525,sharp,135.72306041666667,optimal,2.19817620276119,low,False,True,800x600 - 1920x1080,Low (<0.4)
05102009106.jpg,2.354388,1,1,1.92,0.33611392974853516,1,53.44224230964646,medium,0.17573068891820962,medium,493.0719761729035,moderate,139.03557083333334,optimal,1.4683230104418286,low,False,True,800x600 - 1920x1080,Low (<0.4)
05102009108.jpg,2.587146,1,1,1.92,0.334075927734375,1,53.25646631901343,medium,0.17144724774950187,medium,498.7504720389513,moderate,140.524590625,optimal,1.455403636482213,low,False,True,800x600 - 1920x1080,Low (<0.4)
05102009110.jpg,1.324072,1,1,1.92,0.3034982681274414,1,54.26566674612254,medium,0.1985534265049999,medium,424.87025410924394,moderate,127.45653489583333,optimal,1.3131072136780015,low,False,True,800x600 - 1920x1080,Low (<0.4)
05102009111.jpg,0.99818,1,1,1.92,0.3044271469116211,1,53.80222083680552,medium,0.19668725281692773,medium,426.16467849608074,moderate,125.03999010416666,optimal,1.3831935407909364,low,False,True,800x600 - 1920x1080,Low (<0.4)
05102009114.jpg,0.94031,1,1,1.92,0.3139505386352539,1,59.50528469411696,medium,0.23029738161853708,medium,691.092273123254,sharp,114.10870885416666,optimal,1.4288619848853368,low,False,True,800x600 - 1920x1080,Low (<0.4)
05102009115.jpg,1.380041,1,1,1.92,0.3582315444946289,1,64.51646963175209,medium,0.2275176380476225,medium,922.5061307432458,sharp,114.1017453125,optimal,2.132437578215693,low,False,True,800x600 - 1920x1080,Low (<0.4)
05102009117.jpg,1.109918,1,1,1.92,0.3419523239135742,1,60.93660636178001,medium,0.21022900983596668,medium,751.5877722740613,sharp,118.781315625,optimal,1.7411764262648126,low,False,True,800x600 - 1920x1080,Low (<0.4)
05102009118.jpg,0.922021,1,1,1.92,0.32147789001464844,1,61.722096276642645,medium,0.2279483919364224,medium,808.2353486051363,sharp,110.27289635416666,optimal,1.480206468922469,low,False,True,800x600 - 1920x1080,Low (<0.4)
05102009119.jpg,0.940162,1,1,1.92,0.33420562744140625,1,58.7293175217433,medium,0.2170462304827554,medium,695.357991352725,sharp,112.37533125,optimal,1.7082909653201777,low,False,True,800x600 - 1920x1080,Low (<0.4)
05102009120.jpg,1.706204,1,1,3.145728,0.7676877975463867,1,60.40241505602266,high,0.2039160103628858,medium,775.2902884879659,sharp,116.12376848856609,optimal,2.293235511494287,low,False,True,> 1920x1080,Low (<0.4)
05102009121.jpg,5.135202,1,1,3.145728,0.7894992828369141,1,63.77955827256375,high,0.20688699283830833,medium,919.3357617629118,sharp,116.552308400472,optimal,2.6587256356780515,low,False,True,> 1920x1080,Low (<0.4)
05102009122.jpg,1.750781,1,1,3.145728,0.7096805572509766,1,56.69270840716618,high,0.22892319287781732,medium,594.558245335545,sharp,114.58266194661458,optimal,1.8680784417544767,low,False,True,> 1920x1080,Low (<0.4)
05102009123.jpg,1.749003,1,1,3.145728,0.7769641876220703,1,63.707373876025144,high,0.24151050529971052,medium,884.3624340372862,sharp,117.28327782948811,optimal,2.8368265218292867,low,False,True,> 1920x1080,Low (<0.4)
05102009124.jpg,1.741171,1,1,3.145728,0.8009805679321289,1,51.233926318910044,high,0.17012707137851155,medium,545.9741252080227,sharp,155.83113765716553,optimal,2.224503571099895,low,False,True,> 1920x1080,Low (<0.4)
05102009125.jpg,1.879604,1,1,3.145728,0.8773050308227539,1,59.7242531913993,high,0.173396579680577,medium,774.8600425697446,sharp,133.89042886098227,optimal,2.9797421513713265,low,False,True,> 1920x1080,Low (<0.4)
05102009126.jpg,1.718464,1,1,3.145728,0.717961311340332,1,50.90102643088289,high,0.1724577443980025,medium,432.0887546041279,moderate,143.08524735768637,optimal,1.767891360611729,low,False,True,> 1920x1080,Low (<0.4)
05102009127.jpg,1.774567,1,1,3.145728,0.8162918090820312,1,56.330428094215996,high,0.18682953170747527,medium,687.1271319986362,sharp,145.9069096247355,optimal,2.6311301259292654,low,False,True,> 1920x1080,Low (<0.4)
05102009129.jpg,5.572626,1,1,3.145728,0.9132242202758789,1,60.92342761839861,high,0.16623428551657246,medium,1004.8298449895783,sharp,158.34582328796387,optimal,3.393869003756662,low,False,True,> 1920x1080,Low (<0.4)
05102009131.jpg,3.500387,1,1,3.145728,0.4525432586669922,1,43.237203044830665,high,0.19509860400928838,medium,114.34083102689927,moderate,151.39574241638184,optimal,0.7504310794847213,low,False,True,> 1920x1080,Low (<0.4)
05102009132.jpg,1.187418,1,1,3.145728,0.48389434814453125,1,44.82674860684192,high,0.20508009627848142,medium,164.99018561864526,moderate,150.14582443237305,optimal,0.8727222551159688,low,False,True,> 1920x1080,Low (<0.4)
05102009133.jpg,1.041745,1,1,3.145728,0.4902048110961914,1,46.5456729793888,high,0.2130536092204748,medium,150.0651801249791,moderate,138.0679006576538,optimal,0.8745868471645953,low,False,True,> 1920x1080,Low (<0.4)
05102009134.jpg,1.011765,1,1,3.145728,0.4329862594604492,1,44.79292260899181,high,0.19514594235261226,medium,106.65708350895555,moderate,140.63004366556802,optimal,0.692538344909268,low,False,True,> 1920x1080,Low (<0.4)
05102009135.jpg,0.988657,1,1,3.145728,0.4587087631225586,1,43.581989858975525,high,0.20962278860718123,medium,82.71731590109245,blurred,146.53154468536377,optimal,0.7411724109291595,low,False,True,> 1920x1080,Low (<0.4)
05102009137.jpg,1.224002,1,1,3.145728,0.5876436233520508,1,43.348201544624004,high,0.19247279156337774,medium,321.98014250259774,moderate,180.03837521870932,optimal,1.2718080472278401,low,False,True,> 1920x1080,Low (<0.4)
05102009138.jpg,1.361735,1,1,3.145728,0.6199254989624023,1,44.786064655848044,high,0.21258528518181277,medium,283.56774679326264,moderate,167.5016533533732,optimal,1.3429919900585365,low,False,True,> 1920x1080,Low (<0.4)
05102009139.jpg,1.431756,1,1,3.145728,0.562647819519043,1,46.04300648715406,high,0.2068423772460143,medium,269.6321743607825,moderate,157.30915705362955,optimal,1.1929110985249523,low,False,True,> 1920x1080,Low (<0.4)
05102009140.jpg,1.739721,1,1,3.145728,0.582463264465332,1,45.110471108727396,high,0.1842891164740928,medium,282.92022214478646,moderate,161.14547856648764,optimal,1.2920402286680936,low,False,True,> 1920x1080,Low (<0.4)
05102009141.jpg,0.644727,1,1,1.92,0.22473907470703125,1,46.87222500071332,medium,0.2133657387946685,medium,318.8952606256769,moderate,162.7624734375,optimal,0.9029316024423721,low,False,True,800x600 - 1920x1080,Low (<0.4)
05102009142.jpg,0.550992,1,1,1.92,0.17249298095703125,1,44.74912049595057,medium,0.21108165634179002,medium,126.76272911124568,moderate,165.3290875,optimal,0.5652783672962525,low,False,True,800x600 - 1920x1080,Low (<0.4)
05102009143.jpg,0.610207,1,1,1.92,0.19829845428466797,1,48.18820599657421,medium,0.2114924829853045,medium,241.03011861321366,moderate,142.91767447916666,optimal,0.7064003015586805,low,False,True,800x600 - 1920x1080,Low (<0.4)
05102009144.jpg,0.618583,1,1,1.92,0.2224893569946289,1,45.97652397090763,medium,0.18955095262205907,medium,262.01984355098716,moderate,155.64681458333334,optimal,0.8975593321113391,low,False,True,800x600 - 1920x1080,Low (<0.4)
05102009145.jpg,0.646329,1,1,1.92,0.23427677154541016,1,46.484572900187985,medium,0.21477435057823585,medium,228.69585957760387,moderate,151.48352708333334,optimal,0.8400604582831682,low,False,True,800x600 - 1920x1080,Low (<0.4)
05102009146.jpg,0.689672,1,1,1.92,0.2503929138183594,1,47.555763244706604,medium,0.22101727499943735,medium,333.34132030564206,moderate,161.06246927083333,optimal,1.0385005758288774,low,False,True,800x600 - 1920x1080,Low (<0.4)
05102009148.jpg,1.713382,1,1,1.92,0.18035888671875,1,49.56193385669495,medium,0.2568773746951418,medium,138.48883615123273,moderate,125.772465625,optimal,0.5531422039231213,low,False,True,800x600 - 1920x1080,Low (<0.4)
05102009149.jpg,2.201876,1,1,1.92,0.25202083587646484,1,56.99201118000455,medium,0.2736791756556371,medium,506.5507430403509,sharp,136.96290625,optimal,1.029359336414764,low,False,True,800x600 - 1920x1080,Low (<0.4)
05102009150.jpg,1.195797,1,1,1.92,0.2355661392211914,1,52.715750210899,medium,0.27212017904021163,medium,315.59446509965244,moderate,134.11126041666665,optimal,0.9400554350812684,low,False,True,800x600 - 1920x1080,Low (<0.4)
05102009151.jpg,0.744833,1,1,1.92,0.23128223419189453,1,51.640070724663715,medium,0.2616116962656874,medium,266.91499114571377,moderate,131.74690208333334,optimal,0.9069157416670725,low,False,True,800x600 - 1920x1080,Low (<0.4)
05102009152.jpg,0.755459,1,1,1.92,0.24244976043701172,1,58.51794151762567,medium,0.2897007502418125,high,541.0376152770809,sharp,136.46716979166666,optimal,0.8439027510656241,low,False,True,800x600 - 1920x1080,Low (<0.4)
05102009153.jpg,0.589383,1,1,1.92,0.15139007568359375,1,45.65458279309101,medium,0.20707920354068146,medium,143.86779061234373,moderate,144.43092239583333,optimal,0.4632610966823392,low,False,True,800x600 - 1920x1080,Low (<0.4)
05102009154.jpg,1.484816,1,1,1.92,0.1848306655883789,1,43.78781753761645,medium,0.2005437371473921,medium,163.29296231222233,moderate,157.00950677083333,optimal,0.6791577103118216,low,False,True,800x600 - 1920x1080,Low (<0.4)
05102009155.jpg,1.911436,1,1,1.92,0.16213607788085938,1,45.901658051725306,medium,0.20473113134390072,medium,136.8475304374541,moderate,140.5417296875,optimal,0.5920469732007194,low,False,True,800x600 - 1920x1080,Low (<0.4)
05102009156.jpg,1.628121,1,1,1.92,0.14780330657958984,1,43.527668909108314,medium,0.20896058773623777,medium,103.64425569420543,moderate,152.05778802083333,optimal,0.4352501341691074,low,False,True,800x600 - 1920x1080,Low (<0.4)
05102009157.jpg,2.302743,1,1,1.92,0.1761007308959961,1,46.24297773808135,medium,0.19525974219582287,medium,179.5904136175453,moderate,143.769425,optimal,0.5762094905861938,low,False,True,800x600 - 1920x1080,Low (<0.4)
05102009158.jpg,1.107817,1,1,1.92,0.34612083435058594,1,61.08863732254025,medium,0.2904542521345986,high,704.739605645482,sharp,111.15647708333333,optimal,1.2275192526807166,low,False,True,800x600 - 1920x1080,Low (<0.4)
05102009159.jpg,2.861497,1,1,1.92,0.38187122344970703,2,66.62741332625225,medium,0.27024793149849696,medium,1124.4948904253026,sharp,108.14743229166666,optimal,2.0930880657853344,low,False,True,800x600 - 1920x1080,Low (<0.4)
05102009160.jpg,0.873634,1,1,1.92,0.3548860549926758,1,56.61372241546836,medium,0.2771827083671523,high,521.7952816872762,sharp,115.43863802083334,optimal,1.4687489862191532,low,False,True,800x600 - 1920x1080,Low (<0.4)
05102009161.jpg,0.621623,1,1,1.92,0.2433147430419922,1,46.843910838903966,medium,0.19769377251391074,medium,314.04279793502576,moderate,159.88087239583334,optimal,0.8701508896397021,low,False,True,800x600 - 1920x1080,Low (<0.4)
05102009162.jpg,0.656415,1,1,1.92,0.2704782485961914,1,48.85993361883635,medium,0.19943845405945954,medium,367.0454114618163,moderate,154.286509375,optimal,1.1003576270386821,low,False,True,800x600 - 1920x1080,Low (<0.4)
05102009163.jpg,0.642132,1,1,1.92,0.232696533203125,1,44.509380015905,medium,0.1807224180938881,medium,187.6064385330922,moderate,152.1934875,optimal,0.8253531644753864,low,False,True,800x600 - 1920x1080,Low (<0.4)
05102009164.jpg,0.596621,1,1,1.92,0.1999673843383789,1,47.04064934548636,medium,0.22061532981510798,medium,99.09505725843643,blurred,137.83547395833332,optimal,0.5847543202669936,low,False,True,800x600 - 1920x1080,Low (<0.4)
05102009165.jpg,0.693417,1,1,1.92,0.24199485778808594,1,45.95742761264025,medium,0.20689630482383412,medium,173.55841926030564,moderate,145.03598020833334,optimal,0.8031984959991846,low,False,True,800x600 - 1920x1080,Low (<0.4)
05102009166.jpg,0.579174,1,1,1.92,0.1977386474609375,1,46.65242909686292,medium,0.2327444437089244,medium,67.69875726388888,blurred,129.5721640625,optimal,0.5336055843201587,low,False,True,800x600 - 1920x1080,Low (<0.4)
05102009168.jpg,1.903036,1,1,1.92,0.2066497802734375,1,45.687647604873135,medium,0.20805094596032908,medium,148.22715677057263,moderate,143.83356458333333,optimal,0.6571771856216365,low,False,True,800x600 - 1920x1080,Low (<0.4)
05102009169.jpg,2.231492,1,1,1.92,0.18568897247314453,1,45.79038018541273,medium,0.18867812547796295,medium,116.52015304278405,moderate,156.95303541666667,optimal,0.5253568863657059,low,False,True,800x600 - 1920x1080,Low (<0.4)
05102009170.jpg,0.93942,1,1,1.92,0.2204132080078125,1,44.8025507979724,medium,0.19356421052844153,medium,105.30442442134984,moderate,147.70689427083335,optimal,0.6996667418326931,low,False,True,800x600 - 1920x1080,Low (<0.4)
05102009171.jpg,0.642848,1,1,1.92,0.22536849975585938,1,43.544764842365254,medium,0.1906909303355938,medium,127.0766120882639,moderate,150.92865625,optimal,0.7243403848978589,low,False,True,800x600 - 1920x1080,Low (<0.4)
05102009172.jpg,0.673451,1,1,1.92,0.22388744354248047,1,43.84689806343785,medium,0.18357201460213576,medium,174.31969871286336,moderate,160.34656041666668,optimal,0.698177790639719,low,False,True,800x600 - 1920x1080,Low (<0.4)
05102009173.jpg,0.738706,1,1,1.92,0.22437191009521484,1,43.88430141233942,medium,0.18820554685060117,medium,153.35847655950928,moderate,160.9583,optimal,0.6681526086466173,low,False,True,800x600 - 1920x1080,Low (<0.4)
05102009175.jpg,2.381754,1,1,1.92,0.23868179321289062,1,49.73029733972402,medium,0.21517022399855754,medium,299.44003174364553,moderate,112.55614479166667,optimal,0.7908249035042659,low,False,True,800x600 - 1920x1080,Low (<0.4)
05102009176.jpg,2.349616,1,1,1.92,0.2119150161743164,1,45.06542534614431,medium,0.20526381050092588,medium,69.12315962530819,blurred,135.33844895833334,optimal,0.5646882860965159,low,False,True,800x600 - 1920x1080,Low (<0.4)
05102009177.jpg,0.853361,1,1,1.92,0.27019309997558594,1,49.41007196255052,medium,0.2074761419415874,medium,259.44615642886674,moderate,119.1084640625,optimal,0.9466661339657425,low,False,True,800x600 - 1920x1080,Low (<0.4)
05102009178.jpg,0.694847,1,1,1.92,0.20777320861816406,1,46.756489758988934,medium,0.20472625777839884,medium,98.17829895012042,blurred,128.9874421875,optimal,0.5827998945181622,low,False,True,800x600 - 1920x1080,Low (<0.4)
05102009179.jpg,0.781696,1,1,1.92,0.2589302062988281,1,50.14267628918965,medium,0.21476252312165392,medium,323.66263228364136,moderate,112.03757552083333,optimal,0.8924742462695269,low,False,True,800x600 - 1920x1080,Low (<0.4)
05102009180.jpg,0.816204,1,1,1.92,0.2525911331176758,1,47.551025498717976,medium,0.20641251713699682,medium,204.13195148299448,moderate,115.34038541666666,optimal,0.8051956939059851,low,False,True,800x600 - 1920x1080,Low (<0.4)
05102009183.jpg,2.44257,1,1,1.92,0.2757081985473633,1,50.08844829633236,medium,0.22988666868563307,medium,311.92027370650067,moderate,142.69976666666668,optimal,1.072448139287979,low,False,True,800x600 - 1920x1080,Low (<0.4)
05102009184.jpg,1.947143,1,1,1.92,0.2924184799194336,1,51.80375310878013,medium,0.21069664777292338,medium,409.36705831610686,moderate,110.88312239583334,optimal,1.0912705074979172,low,False,True,800x600 - 1920x1080,Low (<0.4)
05102009185.jpg,0.647217,2,1,1.92,0.19508647918701172,1,46.132577402878084,medium,0.2168376566634233,medium,89.73278359417279,blurred,121.35307291666666,optimal,0.5674597473526748,low,False,True,800x600 - 1920x1080,Low (<0.4)
05102009186.jpg,0.74966,1,1,1.92,0.2757139205932617,1,48.87897600407793,medium,0.2030306747440743,medium,292.84283608445196,moderate,111.3755171875,optimal,0.9885311293803325,low,False,True,800x600 - 1920x1080,Low (<0.4)
05102009187.jpg,0.648568,1,1,1.92,0.21574115753173828,1,48.033660643742294,medium,0.2545555502082049,medium,184.32768853650066,moderate,112.88738072916667,optimal,0.6462447529799207,low,False,True,800x600 - 1920x1080,Low (<0.4)
05102009189.jpg,0.657869,2,1,1.92,0.20910263061523438,1,45.89239925468361,medium,0.22458488429852,medium,115.59765861346322,moderate,114.8868828125,optimal,0.6336361318414679,low,False,True,800x600 - 1920x1080,Low (<0.4)
05102009190.jpg,0.745259,1,1,1.92,0.24521350860595703,1,51.04631319959036,medium,0.23442659977153485,medium,329.0563311605458,moderate,114.44866770833333,optimal,0.9934922632541527,low,False,True,800x600 - 1920x1080,Low (<0.4)
05102009191.jpg,0.784624,1,1,1.92,0.2779560089111328,1,51.626673017679494,medium,0.21806942997685436,medium,407.2396562609331,moderate,110.44243802083334,optimal,1.3303581415331682,low,False,True,800x600 - 1920x1080,Low (<0.4)
05102009192.jpg,0.758099,1,1,1.92,0.26732349395751953,1,51.58000212990831,medium,0.2282664626463541,medium,375.3686877279945,moderate,111.78777135416667,optimal,1.0462133124569424,low,False,True,800x600 - 1920x1080,Low (<0.4)
05102009193.jpg,0.781346,1,1,1.92,0.2780885696411133,1,49.59799570410813,medium,0.21862299189028128,medium,334.86972485303784,moderate,107.4450140625,optimal,1.0934420674160306,low,False,True,800x600 - 1920x1080,Low (<0.4)
05102009194.jpg,0.653521,1,1,1.92,0.22371959686279297,1,45.46891939072357,medium,0.22426380262149861,medium,125.95130625650359,moderate,110.93310572916667,optimal,0.6877298181545913,low,False,True,800x600 - 1920x1080,Low (<0.4)
05102009195.jpg,0.663503,1,1,1.92,0.21261310577392578,1,44.44784408178411,medium,0.22095830884097875,medium,112.97554493670545,moderate,106.75103385416666,optimal,0.6457624750762898,low,False,True,800x600 - 1920x1080,Low (<0.4)
05102009196.jpg,0.728747,1,1,1.92,0.2517127990722656,1,52.25945439446555,medium,0.24324949650374536,medium,293.7464900802385,moderate,125.9804796875,optimal,0.9270891426830643,low,False,True,800x600 - 1920x1080,Low (<0.4)
05102009197.jpg,0.748701,1,1,1.92,0.2634153366088867,1,47.40842417461039,medium,0.23502377850781261,medium,186.87225647919672,moderate,113.29767135416667,optimal,0.9111604418949107,low,False,True,800x600 - 1920x1080,Low (<0.4)
05102009198.jpg,0.685374,1,1,1.92,0.22496700286865234,1,48.9597240913599,medium,0.24260628751595537,medium,245.9911462980076,moderate,111.57108697916667,optimal,0.7565587311133539,low,False,True,800x600 - 1920x1080,Low (<0.4)
05102009199.jpg,3.461506,1,1,1.92,0.2699747085571289,2,48.86162869990022,medium,0.22209380920758165,medium,267.86897592831997,moderate,112.591921875,optimal,1.0489188696737815,low,False,True,800x600 - 1920x1080,Low (<0.4)
05102009200.jpg,0.678885,1,1,1.92,0.2301950454711914,1,49.03063319961534,medium,0.23003022278114113,medium,273.7098822386708,moderate,109.796346875,optimal,0.7858257984289834,low,False,True,800x600 - 1920x1080,Low (<0.4)
05102009201.jpg,0.690193,1,1,1.92,0.21071434020996094,1,48.53503541309937,medium,0.2414520383590721,medium,436.62052543545985,moderate,79.52455572916666,optimal,0.8912187961430166,low,False,True,800x600 - 1920x1080,Low (<0.4)
05102009202.jpg,0.687116,1,1,1.92,0.22313404083251953,1,46.93315478730693,medium,0.22560718901748902,medium,472.5613150933158,moderate,67.44397395833333,uneven,1.1005047108880246,low,False,True,800x600 - 1920x1080,Low (<0.4)
05102009203.jpg,0.640579,1,1,1.92,0.20097923278808594,1,44.519564577273165,medium,0.2137200662035289,medium,395.2715816896676,moderate,65.88222708333333,uneven,1.0396936135208004,low,False,True,800x600 - 1920x1080,Low (<0.4)
05102009205.jpg,0.754642,1,1,1.92,0.26166343688964844,1,50.6196659913122,medium,0.24290172926955905,medium,311.33587455996053,moderate,141.95015260416668,optimal,0.9695834998506276,low,False,True,800x600 - 1920x1080,Low (<0.4)
05102009206.jpg,0.811492,1,1,1.92,0.2602977752685547,1,53.74922379332429,medium,0.25378294573438437,medium,396.81169481819006,moderate,137.40645885416666,optimal,0.9616878904247154,low,False,True,800x600 - 1920x1080,Low (<0.4)
05102009207.jpg,0.693742,1,1,1.92,0.23248863220214844,1,50.47112515246553,medium,0.23416825472239172,medium,364.45388453144506,moderate,150.9013890625,optimal,0.8236222014294137,low,False,True,800x600 - 1920x1080,Low (<0.4)
05102009208.jpg,0.667208,1,1,1.92,0.20475482940673828,1,48.423121599105414,medium,0.2626896733370234,medium,140.7072437482639,moderate,133.92482083333334,optimal,0.6539862953470259,low,False,True,800x600 - 1920x1080,Low (<0.4)
05102009209.jpg,0.748852,1,1,1.92,0.23215103149414062,1,51.56859192661638,medium,0.2680008814787355,medium,266.18776992664925,moderate,133.1102734375,optimal,0.9060814663613798,low,False,True,800x600 - 1920x1080,Low (<0.4)
05102009210.jpg,0.752947,1,1,1.92,0.22470378875732422,1,51.06322763745695,medium,0.2631139799550797,medium,233.66034166395409,moderate,130.7816015625,optimal,0.8413693736071399,low,False,True,800x600 - 1920x1080,Low (<0.4)
05102009211.jpg,0.824341,1,1,1.92,0.2684593200683594,1,53.40489788433203,medium,0.25808964608012913,medium,328.4258052019,moderate,127.80010729166666,optimal,1.210912744123931,low,False,True,800x600 - 1920x1080,Low (<0.4)
05102009212.jpg,0.677635,1,1,1.92,0.21318340301513672,1,47.57333653116551,medium,0.2342812670398343,medium,158.36878743486872,moderate,137.23551197916666,optimal,0.715775696715145,low,False,True,800x600 - 1920x1080,Low (<0.4)
05102009213.jpg,0.758823,1,1,1.92,0.2550516128540039,1,51.1975593493969,medium,0.25767096125655203,medium,329.8752983479817,moderate,143.09463177083333,optimal,1.0448803923504368,low,False,True,800x600 - 1920x1080,Low (<0.4)
05102009214.jpg,0.711768,1,1,1.92,0.2222576141357422,1,47.815563662296924,medium,0.2448425583051071,medium,185.33234735786428,moderate,141.32404895833332,optimal,0.7703307113035062,low,False,True,800x600 - 1920x1080,Low (<0.4)
05102009215.jpg,0.616807,1,1,1.92,0.19171810150146484,1,50.896076800897674,medium,0.26161959393339285,medium,126.25667424081601,moderate,129.5770828125,optimal,0.6052803733609345,low,False,True,800x600 - 1920x1080,Low (<0.4)
05102009216.jpg,0.619618,1,1,1.92,0.2013111114501953,1,49.80869363551592,medium,0.27448589125984296,medium,181.9080416258291,moderate,133.40611927083333,optimal,0.6747046049265318,low,False,True,800x600 - 1920x1080,Low (<0.4)
05102009218.jpg,0.605885,1,1,1.92,0.18814468383789062,1,50.369157782876,medium,0.24527242154873066,medium,191.7026921632483,moderate,128.39131302083334,optimal,0.6267832028786996,low,False,True,800x600 - 1920x1080,Low (<0.4)
05102009219.jpg,0.619893,1,1,1.92,0.20616817474365234,1,44.90377076022777,medium,0.24596649034215035,medium,89.72993697395387,blurred,145.68937916666667,optimal,0.6354039749624242,low,False,True,800x600 - 1920x1080,Low (<0.4)
05102009220.jpg,0.706275,1,1,1.92,0.2484140396118164,1,48.790053591720536,medium,0.24254900488496572,medium,248.45622886145395,moderate,143.92309479166667,optimal,0.9089055199138171,low,False,True,800x600 - 1920x1080,Low (<0.4)
05102009222.jpg,0.747711,1,1,1.92,0.25713539123535156,1,51.877985097037424,medium,0.26007926885321253,medium,380.3823191983265,moderate,146.96036979166666,optimal,1.0809475781072606,low,False,True,800x600 - 1920x1080,Low (<0.4)
05102009223.jpg,0.551357,1,1,1.92,0.1979227066040039,1,44.71175149364235,medium,0.17980784914292416,medium,161.30507630884082,moderate,147.9458328125,optimal,0.6088821818674623,low,False,True,800x600 - 1920x1080,Low (<0.4)
05102009224.jpg,0.572277,1,1,1.92,0.21099090576171875,1,46.680482991395344,medium,0.19181359054134658,medium,211.29979786173502,moderate,144.45390572916668,optimal,0.737915525871235,low,False,True,800x600 - 1920x1080,Low (<0.4)
05102009225.jpg,0.48431,1,1,1.92,0.16930103302001953,1,42.77913352873616,medium,0.18449979762592153,medium,62.223698436950656,blurred,146.19957395833333,optimal,0.4556873695676738,low,False,True,800x600 - 1920x1080,Low (<0.4)
05102009226.jpg,0.525522,1,1,1.92,0.1966571807861328,1,43.56203815624485,medium,0.1782564377259748,medium,215.22103843604168,moderate,163.2382515625,optimal,0.6688985027075268,low,False,True,800x600 - 1920x1080,Low (<0.4)
05102009227.jpg,0.503704,1,1,1.92,0.16147708892822266,1,40.8783540669433,medium,0.16870923733665447,medium,76.24123254501707,blurred,157.9233640625,optimal,0.47311527813770227,low,False,True,800x600 - 1920x1080,Low (<0.4)
05102009228.jpg,0.560816,1,1,1.92,0.2013101577758789,1,44.719022284644275,medium,0.16983157601992674,medium,203.07813092193985,moderate,152.966571875,optimal,0.6089640163533725,low,False,True,800x600 - 1920x1080,Low (<0.4)
05102009229.jpg,0.586436,1,1,1.92,0.20151710510253906,1,43.0868281915116,medium,0.17954761856987372,medium,187.0809682281573,moderate,162.20876875,optimal,0.6343737333411387,low,False,True,800x600 - 1920x1080,Low (<0.4)
06102009240.jpg,0.495299,1,1,1.92,0.13164043426513672,1,48.44969949981449,medium,0.25458642649308094,medium,22.33368622371418,blurred,107.96220625,optimal,0.3271118622344067,low,False,True,800x600 - 1920x1080,Low (<0.4)
06102009241.jpg,0.577935,1,1,1.92,0.17373180389404297,1,47.89048757712955,medium,0.2524081529648425,medium,149.42502640950485,moderate,117.192946875,optimal,0.5385492601703181,low,False,True,800x600 - 1920x1080,Low (<0.4)
06102009242.jpg,0.573159,1,1,1.92,0.16152667999267578,1,45.35878877904494,medium,0.247465717601747,medium,95.45748851157529,blurred,110.05446354166666,optimal,0.47773663522602333,low,False,True,800x600 - 1920x1080,Low (<0.4)
06102009243.jpg,0.614956,1,1,1.92,0.20781421661376953,1,48.732156300888086,medium,0.25360112215673747,medium,207.69865475092203,moderate,114.18697083333333,optimal,0.7120198211498102,low,False,True,800x600 - 1920x1080,Low (<0.4)
06102009244.jpg,0.599792,1,1,1.92,0.1872262954711914,1,43.785226464368364,medium,0.24039129408955986,medium,138.05508351626926,moderate,95.18694895833333,optimal,0.6072190868884713,low,False,True,800x600 - 1920x1080,Low (<0.4)
06102009245.jpg,0.737407,1,1,1.92,0.2065134048461914,1,49.32455113595593,medium,0.250690402789706,medium,251.84130151532946,moderate,111.46626770833333,optimal,0.7236462102320447,low,False,True,800x600 - 1920x1080,Low (<0.4)
06102009246.jpg,0.640383,1,1,1.92,0.198333740234375,1,49.67743207134038,medium,0.24239567587821015,medium,230.969738445308,moderate,117.7751953125,optimal,0.6312437279240452,low,False,True,800x600 - 1920x1080,Low (<0.4)
06102009247.jpg,0.548968,1,1,1.92,0.16343116760253906,1,49.38740533444148,medium,0.26442522916291084,medium,139.3552559991047,moderate,116.18649375,optimal,0.5077764383139408,low,False,True,800x600 - 1920x1080,Low (<0.4)
06102009248.jpg,0.656699,1,1,1.92,0.2098674774169922,1,50.17962438585718,medium,0.25956835958338187,medium,287.05929323616306,moderate,106.89499166666667,optimal,0.7342600339419502,low,False,True,800x600 - 1920x1080,Low (<0.4)
06102009249.jpg,0.583589,1,1,1.92,0.17171955108642578,1,45.25900543364463,medium,0.25678265267165323,medium,138.09584185025375,moderate,99.86054583333333,optimal,0.5060893385524161,low,False,True,800x600 - 1920x1080,Low (<0.4)
06102009250.jpg,0.572335,1,1,1.92,0.19576263427734375,1,47.042762944072614,medium,0.2559487544056494,medium,237.51269150257127,moderate,98.0506984375,optimal,0.6742749193191794,low,False,True,800x600 - 1920x1080,Low (<0.4)
06102009251.jpg,0.585289,1,1,1.92,0.18593406677246094,1,48.94063568919763,medium,0.26191081838125985,medium,184.51050650882135,moderate,112.54058125,optimal,0.5942242069765223,low,False,True,800x600 - 1920x1080,Low (<0.4)
06102009252.jpg,0.629568,1,1,1.92,0.2164297103881836,1,50.097926305027826,medium,0.2559036328644786,medium,225.96393696277957,moderate,118.34708802083334,optimal,0.7491425626622277,low,False,True,800x600 - 1920x1080,Low (<0.4)
06102009253.jpg,0.566106,1,1,1.92,0.16499042510986328,1,43.71099863972486,medium,0.23795319944839113,medium,71.58864188327881,blurred,104.91159322916667,optimal,0.48426790010284054,low,False,True,800x600 - 1920x1080,Low (<0.4)
06102009255.jpg,0.662044,1,1,1.92,0.2073974609375,1,46.76811558748676,medium,0.19428193579609299,medium,111.30933437491214,moderate,128.97003958333335,optimal,0.641071722343917,low,False,True,800x600 - 1920x1080,Low (<0.4)
PICT0001.JPG,2.126711,1,1,6.642432,1.6580266952514648,1,40.27610736948023,high,0.2115280155184476,medium,36.460103986068326,blurred,92.66207753425252,optimal,0.45882346664287077,low,False,True,> 1920x1080,Low (<0.4)
PICT0002.JPG,1.846843,1,1,6.642432,1.5700349807739258,1,43.751337397808186,high,0.22932495673530257,medium,19.242864587202646,blurred,74.38733117629205,optimal,0.39896618034799963,low,False,True,> 1920x1080,Low (<0.4)
PICT0003.JPG,1.867916,1,1,6.642432,1.5693740844726562,1,40.93621061217133,high,0.20966926459476315,medium,22.034615628767586,blurred,70.49792079166185,optimal,0.39688173926751585,low,False,True,> 1920x1080,Low (<0.4)
PICT0004.JPG,1.898643,1,1,6.642432,1.5620079040527344,1,37.619139190406095,high,0.226054979023729,medium,15.332383343277034,blurred,69.73220681822562,uneven,0.39791073126055615,low,False,True,> 1920x1080,Low (<0.4)
PICT0005.JPG,1.896142,1,1,6.642432,1.6179418563842773,1,39.90186566195325,high,0.2374830494741647,medium,31.17733760012575,blurred,76.38185923468994,optimal,0.41192788885463794,low,False,True,> 1920x1080,Low (<0.4)
PICT0006.JPG,2.339175,1,1,6.642432,1.6075305938720703,1,41.19853796218406,high,0.21353294343776666,medium,49.24645776131861,blurred,96.49663843002081,optimal,0.5076746646590764,low,False,True,> 1920x1080,Low (<0.4)
PICT0007.JPG,2.166859,1,1,6.642432,1.6658906936645508,1,40.55936268260163,high,0.2098700505272251,medium,37.20482147370368,blurred,94.6653849072147,optimal,0.46698125972978194,low,False,True,> 1920x1080,Low (<0.4)
PICT0008.JPG,1.796747,1,1,6.642432,1.5685596466064453,1,44.7272046295875,high,0.2257758812380405,medium,11.11358140110376,blurred,102.73740295723012,optimal,0.34318442046670167,low,False,True,> 1920x1080,Low (<0.4)
PICT0009.JPG,1.630246,1,1,6.642432,1.5785341262817383,1,46.55263640140518,high,0.2063236073955833,medium,30.716330401115417,blurred,101.89473102622654,optimal,0.35784442246170034,low,False,True,> 1920x1080,Low (<0.4)
PICT000fghgh3.JPG,2.23621,1,1,6.642432,1.5900840759277344,1,40.69669593528073,high,0.1900183156934765,medium,25.251697272971477,blurred,100.71056655152812,optimal,0.482790318531946,low,False,True,> 1920x1080,Low (<0.4)
PICT0010.JPG,1.700963,1,1,6.642432,1.5330991744995117,1,50.43511255121527,high,0.20135642295323022,medium,8.71284267382784,blurred,103.43000575692759,optimal,0.33070479801593955,low,False,True,> 1920x1080,Low (<0.4)
PICT0011.JPG,1.717034,1,1,6.642432,1.5385732650756836,1,48.44205953483529,high,0.18703006733557834,medium,11.981145869141033,blurred,91.32094555126797,optimal,0.3375824456922254,low,False,True,> 1920x1080,Low (<0.4)
PICT0012.JPG,1.666701,1,1,6.642432,1.5674123764038086,1,39.98331005050977,high,0.189885169320281,medium,16.556478250573363,blurred,96.78610409560835,optimal,0.3598651145432887,low,False,True,> 1920x1080,Low (<0.4)
PICT0013.JPG,1.66022,1,1,6.642432,1.588984489440918,1,48.75964552496792,high,0.23411767270248734,medium,9.365195555953465,blurred,92.72435532648284,optimal,0.34742347692091974,low,False,True,> 1920x1080,Low (<0.4)
PICT0014.JPG,1.864077,1,1,6.642432,1.6083288192749023,1,39.227509918992595,high,0.2200111105432104,medium,19.80296971640414,blurred,82.67786798570162,optimal,0.38592453362041435,low,False,True,> 1920x1080,Low (<0.4)
PICT0015.JPG,1.711236,1,1,6.642432,1.5692577362060547,1,47.21898486079543,high,0.1728661542723465,medium,15.991657382110754,blurred,108.81513819034956,optimal,0.3573164774421919,low,False,True,> 1920x1080,Low (<0.4)
PICT0016.JPG,1.638855,1,1,6.642432,1.5800657272338867,1,41.21938619350696,high,0.2013027661439579,medium,24.206225068862192,blurred,101.68825665057618,optimal,0.3694376692568721,low,False,True,> 1920x1080,Low (<0.4)
PICT0017.JPG,1.704752,1,1,6.642432,1.5917606353759766,1,41.67748190247653,high,0.20251311096652763,medium,30.99131354993507,blurred,103.48790834441361,optimal,0.3935260977940384,low,False,True,> 1920x1080,Low (<0.4)
PICT0018.JPG,1.548551,1,1,6.642432,1.506429672241211,1,50.17975867484912,high,0.20433570620166747,medium,12.046702618132818,blurred,103.48133861212278,optimal,0.3337265761552809,low,False,True,> 1920x1080,Low (<0.4)
PICT0019.JPG,1.921977,1,1,6.642432,1.5747346878051758,1,40.5107304122557,high,0.25409284489982487,medium,28.07112593941819,blurred,88.56967508286122,optimal,0.4366512246644001,low,False,True,> 1920x1080,Low (<0.4)
PICT001gfghfg7.JPG,1.883996,1,1,6.642432,1.5956058502197266,1,48.541329048975555,high,0.20230552734428592,medium,11.99092316572832,blurred,103.02501102006012,optimal,0.3925248227570396,low,False,True,> 1920x1080,Low (<0.4)
PICT0020.JPG,1.815946,1,1,6.642432,1.5627574920654297,1,39.965715181784155,high,0.2430818106694157,medium,19.42543754209505,blurred,87.96095872716499,optimal,0.3947634709020451,low,False,True,> 1920x1080,Low (<0.4)
PICT0021.JPG,1.794357,2,1,6.642432,1.6069965362548828,1,48.15787052461671,high,0.22850600455104556,medium,11.576385724603961,blurred,84.1825998369272,optimal,0.36944472448204624,low,False,True,> 1920x1080,Low (<0.4)
PICT0022.JPG,1.729231,1,1,6.642432,1.6165761947631836,1,39.79578271636223,high,0.247396487405645,medium,19.949720524001087,blurred,86.16925096109377,optimal,0.4046177306779411,low,False,True,> 1920x1080,Low (<0.4)
PICT0022fhghg.JPG,2.101374,2,1,6.642432,1.588313102722168,1,40.994092154974055,high,0.216700278300385,medium,16.48974737791706,blurred,99.34170707355378,optimal,0.4186713612664502,low,False,True,> 1920x1080,Low (<0.4)
PICT0023.JPG,1.861725,1,1,6.642432,1.5786762237548828,1,46.113378223553426,high,0.2375935701049546,medium,13.258443737414344,blurred,86.63904169436736,optimal,0.38793980829695823,low,False,True,> 1920x1080,Low (<0.4)
PICT0024.JPG,1.975423,1,1,6.642432,1.6087408065795898,1,40.89401853837262,high,0.2548243037226181,medium,35.87002552546984,blurred,89.81378958790997,optimal,0.46177727524682866,low,False,True,> 1920x1080,Low (<0.4)
PICT0025.JPG,1.958679,1,1,6.642432,1.5876693725585938,1,43.65795351778095,high,0.2811924780778449,high,27.551180498171316,blurred,104.46187932371758,optimal,0.4468150954378958,low,False,True,> 1920x1080,Low (<0.4)
PICT0026.JPG,1.513474,1,1,6.642432,1.5514812469482422,1,42.174521117350835,high,0.22565500324207136,medium,18.426583965734256,blurred,104.81559826280495,optimal,0.36918103544116065,low,False,True,> 1920x1080,Low (<0.4)
PICT0027.JPG,1.700494,1,1,6.642432,1.5908870697021484,1,42.972582366569846,high,0.25896208093868994,medium,8.029591420343708,blurred,106.16258894332678,optimal,0.35516457077097985,low,False,True,> 1920x1080,Low (<0.4)
PICT0028.JPG,1.372362,1,1,6.642432,1.424001693725586,1,51.18132368705639,high,0.1417776891553391,medium,4.56748925576516,blurred,114.91091711589972,optimal,0.288261823229608,low,False,True,> 1920x1080,Low (<0.4)
PICT0030.JPG,1.681749,2,1,6.642432,1.4915924072265625,1,48.3957596111278,high,0.23402479885946484,medium,6.8184402885815025,blurred,87.88965803488843,optimal,0.32646133204598765,low,False,True,> 1920x1080,Low (<0.4)
PICT0031.JPG,1.690019,3,1,6.642432,1.5053644180297852,1,46.94537467232212,high,0.22174016421103046,medium,8.910477464090498,blurred,90.43351531487262,optimal,0.33987432299144693,low,False,True,> 1920x1080,Low (<0.4)
PICT0032.JPG,1.785374,1,1,6.642432,1.5343103408813477,1,44.14431134482902,high,0.2338608329601831,medium,12.495828679982624,blurred,85.543828676003,optimal,0.34078054146783976,low,False,True,> 1920x1080,Low (<0.4)
PICT0033.JPG,1.615156,1,1,6.642432,1.4873991012573242,1,45.84031706116541,high,0.21836034227280504,medium,12.585335907845852,blurred,84.42877488245269,optimal,0.3329466588081226,low,False,True,> 1920x1080,Low (<0.4)
PICT0034.JPG,1.574109,1,1,6.642432,1.4233713150024414,1,49.17255263991463,high,0.2052473087616957,medium,5.024793926469769,blurred,105.59372666517324,optimal,0.29690850562524185,low,False,True,> 1920x1080,Low (<0.4)
PICT0035.JPG,1.616676,2,1,6.642432,1.4938316345214844,1,45.02993743591837,high,0.2210510380913903,medium,8.230655879718395,blurred,81.55360084980923,optimal,0.32942515654996957,low,False,True,> 1920x1080,Low (<0.4)
PICT0036.JPG,5.934481,1,1,6.642432,1.576643943786621,2,40.17697974082817,high,0.23064806774798483,medium,19.63632083345524,blurred,91.2921018988226,optimal,0.40045968332706244,low,False,True,> 1920x1080,Low (<0.4)
PICT0037.JPG,1.646592,2,1,6.642432,1.5058917999267578,1,47.694125037233924,high,0.2293760091036156,medium,10.619770573980642,blurred,81.96872937502408,optimal,0.339889378338024,low,False,True,> 1920x1080,Low (<0.4)
PICT0038.JPG,1.598739,1,1,6.642432,1.4762563705444336,1,45.26869049222806,high,0.21601995016190303,medium,10.479418364069916,blurred,77.70157993337381,optimal,0.32743552005776405,low,False,True,> 1920x1080,Low (<0.4)
PICT0039.JPG,1.566126,1,1,6.642432,1.4602670669555664,1,46.70115180781529,high,0.20992897418229226,medium,10.52734218585168,blurred,76.7419520440706,optimal,0.3222322284987118,low,False,True,> 1920x1080,Low (<0.4)
PICT0041.JPG,1.587724,1,1,6.642432,1.5655555725097656,1,39.960831343680205,high,0.24217936180082966,medium,8.810856010380004,blurred,89.4801771399391,optimal,0.35003031962970366,low,False,True,> 1920x1080,Low (<0.4)
PICT0042.JPG,1.58012,2,1,6.642432,1.4818363189697266,1,46.69655678608805,high,0.2215772838149179,medium,7.330662724121587,blurred,79.4347379092477,optimal,0.3137643834626274,low,False,True,> 1920x1080,Low (<0.4)
PICT0048.JPG,1.806986,1,1,6.642432,1.5982046127319336,1,50.66708369441456,high,0.15938733602779673,medium,10.026457625199981,blurred,107.16937832408371,optimal,0.3791440212764376,low,False,True,> 1920x1080,Low (<0.4)
PICT0050.JPG,1.808495,2,1,6.642432,1.5945110321044922,1,48.77112098520228,high,0.15796380044561015,medium,9.992314069130963,blurred,103.39997850184993,optimal,0.3781516912570703,low,False,True,> 1920x1080,Low (<0.4)
PICT00awd25.JPG,1.573831,1,1,6.642432,1.4828758239746094,1,40.1973642491028,high,0.19173662140055123,medium,9.168254027558666,blurred,93.62363559009712,optimal,0.31754598415599705,low,False,True,> 1920x1080,Low (<0.4)
PICT00daw23.JPG,1.439656,1,1,6.642432,1.431330680847168,1,46.776139142772635,high,0.1643249541769963,medium,7.487249648227022,blurred,89.28560307429568,optimal,0.3062801754006064,low,False,True,> 1920x1080,Low (<0.4)
PICT00dfs31.JPG,1.538936,1,1,6.642432,1.4426641464233398,1,48.3169158946688,high,0.21548300343819218,medium,10.017992190024977,blurred,90.79798965198289,optimal,0.3093310563437913,low,False,True,> 1920x1080,Low (<0.4)
PICT00dsf33.JPG,1.469566,1,1,6.642432,1.4443073272705078,1,50.072077919198264,high,0.2187701977853438,medium,6.4482528293487125,blurred,98.59060205659614,optimal,0.30369286054721534,low,False,True,> 1920x1080,Low (<0.4)
PICT00fghgh02.JPG,2.01141,1,1,6.642432,1.6024541854858398,1,47.06321761121621,high,0.1583692340088148,medium,14.99115035944923,blurred,86.2769413371488,optimal,0.4332931894538099,low,False,True,> 1920x1080,Low (<0.4)
PICT00gfh11.JPG,1.661483,1,1,6.642432,1.568131446838379,1,49.508539788124224,high,0.15157994048077716,medium,6.823545342896136,blurred,101.24791386648745,optimal,0.3335730620146602,low,False,True,> 1920x1080,Low (<0.4)
PICT00gfhgfgh20.JPG,1.763987,1,1,6.642432,1.5692071914672852,1,48.12573532651858,high,0.2147304251686747,medium,16.444525589420824,blurred,146.9500097253536,optimal,0.3844567948118537,low,False,True,> 1920x1080,Low (<0.4)
PICT00gfhh38.JPG,47.383814,1,1,6.642432,1.6149663925170898,3,46.313063020824565,high,0.17677190933627396,medium,14.271390183404215,blurred,112.87251672279069,optimal,0.4117559807340988,low,False,True,> 1920x1080,Low (<0.4)
PICT00gh03.JPG,1.620483,1,1,6.642432,1.566049575805664,1,47.38881670761988,high,0.22599950715760758,medium,10.923287727846505,blurred,104.91068662803022,optimal,0.3319564705535404,low,False,True,> 1920x1080,Low (<0.4)
PICT00ghhgh26.JPG,1.885503,1,1,6.642432,1.5735702514648438,1,43.142636222462244,high,0.2233306806141718,medium,13.717844606654529,blurred,112.32453023230046,optimal,0.4031110621447585,low,False,True,> 1920x1080,Low (<0.4)
PICT00hfghg10.JPG,1.698328,1,1,6.642432,1.5785322189331055,1,46.28421529125521,high,0.14570648642661593,medium,11.954802542023902,blurred,129.35040388821443,optimal,0.37863963566956443,low,False,True,> 1920x1080,Low (<0.4)
PICT00sdf27.JPG,1.394486,1,1,6.642432,1.4466371536254883,1,50.53101908394169,high,0.10408921547184914,low,3.2946901017443904,blurred,115.50585252509924,optimal,0.2721436573744994,low,False,False,> 1920x1080,Low (<0.4)
PICT00sdf37.JPG,1.528815,1,1,6.642432,1.459299087524414,1,49.01375071586474,high,0.22032929589806877,medium,5.117205264026225,blurred,96.03504559775696,optimal,0.30515329215827414,low,False,True,> 1920x1080,Low (<0.4)
PICT0dfs038.JPG,1.842361,1,1,6.642432,1.5548992156982422,1,46.67232296672209,high,0.18970004013322167,medium,10.68178457942078,blurred,88.48345952205457,optimal,0.3958130616328707,low,False,True,> 1920x1080,Low (<0.4)
PICT0fgfgh015.JPG,1.866668,1,1,6.642432,1.5567607879638672,1,46.25309051904422,high,0.14231627245786568,medium,12.316324163199107,blurred,95.3771252758026,optimal,0.3878918075685409,low,False,True,> 1920x1080,Low (<0.4)
PICT0fgh004.JPG,2.224616,1,1,6.642432,1.5997600555419922,1,39.18222779957483,high,0.1949327804384139,medium,32.178430273927056,blurred,89.15172229087177,optimal,0.4801363569978916,low,False,True,> 1920x1080,Low (<0.4)
PICT0gh009.JPG,1.635969,2,1,6.642432,1.561624526977539,1,50.387926181222525,high,0.1378141809449591,medium,6.42914071005423,blurred,109.09706068500212,optimal,0.331421281329612,low,False,True,> 1920x1080,Low (<0.4)
PICT0ghfghg023.JPG,2.025267,2,1,6.642432,1.6312685012817383,1,41.25990429712289,high,0.21648180532442754,medium,21.65702951601045,blurred,100.35069549827533,optimal,0.4348521422449798,low,False,True,> 1920x1080,Low (<0.4)
PICT0ghgfhg012.JPG,1.704204,1,1,6.642432,1.5869216918945312,1,51.23332864124498,high,0.1583929647129485,medium,10.885838025854643,blurred,126.14811593103249,optimal,0.3750144467985834,low,False,True,> 1920x1080,Low (<0.4)
PICT0hhfhg011.JPG,1.774014,2,1,6.642432,1.5945920944213867,1,51.86174441111457,high,0.13918270956613726,medium,11.754456499132576,blurred,124.38287422438047,optimal,0.3827219653359842,low,False,True,> 1920x1080,Low (<0.4)
PICT0wa016.JPG,1.786034,1,1,6.642432,1.5659799575805664,1,45.59933563545034,high,0.17653819849606156,medium,8.333645098816117,blurred,91.31639586223841,optimal,0.35431668388843796,low,False,True,> 1920x1080,Low (<0.4)
PICT0wad018.JPG,1.959175,1,1,6.642432,1.5821866989135742,1,38.289084286253804,high,0.21866361294649542,medium,31.971733284442536,blurred,79.29361896365668,optimal,0.41501410891677576,low,False,True,> 1920x1080,Low (<0.4)
PICTadw0020.JPG,1.86432,1,1,6.642432,1.583134651184082,1,40.63527786132148,high,0.2472870656069746,medium,29.125915926617175,blurred,90.15964950789109,optimal,0.4177367959031968,low,False,True,> 1920x1080,Low (<0.4)
PICTfgh0008.JPG,1.536895,2,1,6.642432,1.5662822723388672,1,50.65952544984607,high,0.1399069859756969,medium,6.51234892668912,blurred,110.47732186042703,optimal,0.3307339008197831,low,False,True,> 1920x1080,Low (<0.4)
PICTfhghgfh0039.JPG,1.946579,3,1,6.642432,1.6046037673950195,1,46.7282137355008,high,0.1493972844840537,medium,12.85136497055734,blurred,94.72769040014259,optimal,0.4015339043529159,low,False,True,> 1920x1080,Low (<0.4)
PICTgf0010.JPG,1.701329,1,1,6.642432,1.5701217651367188,1,49.68024876137714,high,0.15671530570127215,medium,7.307225262606054,blurred,105.23866469389525,optimal,0.33742943549626,low,False,True,> 1920x1080,Low (<0.4)
PICTsdf0036.JPG,1.553967,1,1,6.642432,1.4734611511230469,1,43.789262930597204,high,0.20510627787962832,medium,6.097644625005468,blurred,90.75467614873588,optimal,0.3075078475739986,low,False,True,> 1920x1080,Low (<0.4)
PICTwa0015.JPG,1.745016,1,1,6.642432,1.594583511352539,1,46.596744449652,high,0.17721697819188312,medium,7.346862563786497,blurred,92.04698685662119,optimal,0.34895263398434506,low,False,True,> 1920x1080,Low (<0.4)
PICawdT0024.JPG,1.479704,1,1,6.642432,1.4252023696899414,1,47.536735989459274,high,0.17531494645271894,medium,6.960678703463832,blurred,94.2265384124369,optimal,0.30460090582298366,low,False,True,> 1920x1080,Low (<0.4)
PICfggfhT0018.JPG,1.906001,2,1,6.642432,1.6108436584472656,1,41.09186346736242,high,0.21648855585385307,medium,13.610888265625697,blurred,100.33897539334991,optimal,0.40006975615002427,low,False,True,> 1920x1080,Low (<0.4)
PICfhghhgfT0019.JPG,1.756241,1,1,6.642432,1.587179183959961,1,49.722307693335416,high,0.20143643128813282,medium,15.899424485885708,blurred,148.22000827407794,optimal,0.39066608588904816,low,False,True,> 1920x1080,Low (<0.4)
PICgfhT0012.JPG,1.54953,1,1,6.642432,1.548583984375,1,48.99187694464959,high,0.1560458711026973,medium,6.019783388144347,blurred,102.89919083853624,optimal,0.32581300724694445,low,False,True,> 1920x1080,Low (<0.4)
PICgfhghfT0021.JPG,1.744019,1,1,6.642432,1.6048583984375,1,47.95426094637976,high,0.19493365205545882,medium,11.511298417248794,blurred,150.08973851745867,optimal,0.3717074359843423,low,False,True,> 1920x1080,Low (<0.4)
PIChT0002.JPG,1.917599,1,1,6.642432,1.6186943054199219,1,45.2389003945019,high,0.21139541621428556,medium,20.235210979381943,blurred,95.84934283105947,optimal,0.4061996129509271,low,False,True,> 1920x1080,Low (<0.4)
PIChgfghT0025.JPG,1.88815,1,1,6.642432,1.6120414733886719,1,49.130081405971254,high,0.23057892672315583,medium,11.980585421130836,blurred,125.473911212038,optimal,0.3930133971003527,low,False,True,> 1920x1080,Low (<0.4)
PICsdT0032.JPG,1.511487,1,1,6.642432,1.4598102569580078,1,47.744326983723695,high,0.2122668692346793,medium,4.054862875056986,blurred,84.7310819290284,optimal,0.2881946726042893,low,False,True,> 1920x1080,Low (<0.4)
PIadwCT0019.JPG,1.919537,1,1,6.642432,1.617844581604004,1,37.680947485998175,high,0.2106275627905722,medium,21.016353645714716,blurred,78.29191401583034,optimal,0.3912349764117998,low,False,True,> 1920x1080,Low (<0.4)
PIfghghfCT0009.JPG,1.760832,1,1,6.642432,1.6192550659179688,1,44.28162377309745,high,0.1591729703567123,medium,15.787207255343079,blurred,127.32720229578564,optimal,0.3916843060650814,low,False,True,> 1920x1080,Low (<0.4)
PIghCT0005.JPG,2.324064,1,1,6.642432,1.5864496231079102,1,40.9534397161664,high,0.2109385931532133,medium,43.955521040930286,blurred,96.23734815802405,optimal,0.5149677517105751,low,False,True,> 1920x1080,Low (<0.4)
PfggfhgICT0034.JPG,2.010262,1,1,6.642432,1.5968103408813477,1,48.36695362578736,high,0.20544954071239882,medium,14.63461304477664,blurred,90.89644033992369,optimal,0.4242791314044625,low,False,True,> 1920x1080,Low (<0.4)
